Tempo (ms),(B) INTERCEPT_ORIG_TEMPO,(C) TVD (metros),(A) PSTM_COR
0,0.0,27.0,-715.8942871
4,0.0,30.0,-510.0637207
8,0.0,33.0000001,-320.8044434
12,0.0,36.0000001,-457.6181641
16,0.0,39.0000001,-444.7094727
20,0.0,42.0000002,-449.9980469
24,0.0,45.0000002,-499.317627
28,0.0,48.0000002,-489.8996582
32,0.0,51.0000002,-488.4299316
36,0.0,54.0000003,-473.171875
40,0.0,57.0000003,-412.5424805
44,0.0,60.0000003,-328.7116699
48,0.0,63.0000004,-208.2479095
52,0.0,65.9999969,-47.6739502
56,0.0,69.000002,150.3163147
60,0.0,71.9999994,380.1398926
64,0.0,74.9999968,616.3205566
68,0.0,78.0000019,840.1696777
72,0.0,80.9999993,1058.0979004
76,0.0,83.9999968,1263.5031738
80,0.0,87.0000017,1458.1147461
84,0.0,89.9999992,1676.3813477
88,0.0,92.9999971,1947.9853516
92,0.0,96.0000016,2275.0686035
96,0.0,98.999999,2604.4599609
100,0.0,101.9999974,2832.4033203
104,0.0,105.0000015,2849.3769531
108,0.0,107.9999989,2524.996582
112,0.0,110.9999977,1743.7766113
116,0.0,114.0000004,469.5593262
120,0.0,116.9999988,-1278.3564453
124,0.0,119.999998,-3460.6838379
128,-4e-07,123.0000007,-5969.5976563
132,-4.6e-06,125.9999987,-8633.7109375
136,-4.24e-05,128.9999983,-11200.796875
140,-0.000303,132.000001,-13190.1445313
144,-0.0016692,135.0000036,-13869.484375
148,-0.0070266,138.000001,-12364.0234375
152,-0.0222528,140.9999936,-7933.0351563
156,-0.0515389,143.9999963,-551.7075195
160,-0.0820385,146.9999989,8689.359375
164,-0.0735766,150.0000016,18020.90625
168,0.0090396,153.0000042,25506.2265625
172,0.1314528,155.9999999,29059.0703125
176,0.1921587,159.0135449,27342.125
180,0.1322112,162.0353567,20856.7773438
184,0.0101292,165.0607955,11767.9726563
188,-0.0726353,168.0898655,2497.2351074
192,-0.0814595,171.1225607,-5453.5742188
196,-0.0512718,174.1589016,-11232.890625
200,-0.0221583,177.1988916,-14279.6015625
204,-0.0070007,180.2425303,-14588.2578125
208,-0.0016636,183.2898141,-13326.3164063
212,-0.000302,186.3407561,-11950.7695313
216,-4.23e-05,189.3953673,-10505.8242188
220,-4.5e-06,192.4536347,-8385.78125
224,-4e-07,195.5155776,-5849.4335938
228,0.0,198.5812007,-3633.6796875
232,-1e-07,201.6505034,-2183.3059082
236,-1e-07,204.7234747,-1317.9545898
240,0.0,207.8001496,-479.4318848
244,0.0,210.8805086,493.2148438
248,1e-07,213.9645698,1621.5834961
252,0.0,217.0523333,2989.7492676
256,0.0,220.1438005,3439.2141113
260,0.0,223.2389735,1385.1889648
264,0.0,226.3378715,-2294.3046875
268,0.0,229.4404835,-4901.421875
272,0.0,232.5468149,-3720.1513672
276,0.0,235.6568824,2883.1259766
280,0.0,238.7706717,12170.6953125
284,0.0,241.8882115,17878.8710938
288,0.0,245.0094853,15381.8476563
292,0.0,248.1345056,4437.6914063
296,0.0,251.263276,-9267.1210938
300,0.0,254.3958029,-16271.4921875
304,0.0,257.5320966,-11966.8359375
308,0.0,260.672146,-2064.0844727
312,0.0,263.8159509,4616.0351563
316,0.0,266.9635511,5466.1523438
320,0.0,270.1149291,3335.2084961
324,0.0,273.2700896,2363.5036621
328,0.0,276.4290064,4660.53125
332,0.0,279.5917453,6840.9648438
336,0.0,282.7582803,2274.3435059
340,0.0,285.9286156,-10705.8046875
344,0.0,289.1027259,-23445.2734375
348,0.0,292.2806763,-22436.3203125
352,0.0,295.462441,-5448.6328125
356,0.0,298.6480103,12091.2460938
360,0.0,301.837401,14660.5742188
364,0.0,305.0306361,4384.6992188
368,0.0,308.2277038,-3538.8574219
372,0.0,311.4285782,-402.3723145
376,0.0,314.633325,5765.8476563
380,0.0,317.8419183,3279.0537109
384,0.0,321.0543476,-6963.8203125
388,1e-07,324.2706321,-11489.7265625
392,1e-07,327.4907924,-1232.7578125
396,1e-07,330.7147909,13784.9921875
400,0.0,333.9426821,18115.9179688
404,0.0,337.1744512,10706.0585938
408,-1e-07,340.410084,2886.4941406
412,-1e-07,343.6496002,2000.3242188
416,-1e-07,346.89302,1944.8684082
420,0.0,350.1403222,-3977.9570313
424,0.0,353.3915123,-13172.1914063
428,0.0,356.6466247,-18810.7265625
432,0.0,359.9056312,-13076.84375
436,0.0,363.1685444,3182.7219238
440,0.0,366.4353915,16007.9179688
444,0.0,369.7061375,15395.5546875
448,0.0,372.980823,7350.6054688
452,0.0,376.2594472,3969.3737793
456,0.0,379.5419761,4556.5234375
460,1e-07,382.8284753,-3032.4914551
464,0.0,386.1189061,-17777.3242188
468,0.0,389.4132817,-22886.7382813
472,0.0,392.7116288,-9960.5
476,0.0,396.0139042,10597.6328125
480,0.0,399.3201737,21709.203125
484,0.0,402.6303881,16575.3085938
488,-1e-07,405.9445918,1221.8776855
492,-1e-07,409.2627804,-16191.6640625
496,-1e-07,412.5849212,-26718.9296875
500,0.0,415.9110798,-19570.734375
504,1e-07,419.2412075,2851.300293
508,1e-07,422.5753479,21167.7617188
512,1e-07,425.9134809,21287.4179688
516,0.0,429.255623,9564.078125
520,0.0,432.6017905,1775.7768555
524,0.0,435.9519437,3335.9907227
528,0.0,439.3061484,4950.3320313
532,0.0,442.6643483,-1143.0546875
536,0.0,446.0266095,-7966.65625
540,0.0,449.3928876,-7166.921875
544,-1e-07,452.7632126,-4214.5585938
548,-1e-07,456.1375684,-7509.1953125
552,0.0,459.5159965,-13102.09375
556,1e-07,462.8984768,-8773.4140625
560,1e-07,466.285,7349.5507813
564,0.0,469.6755904,19428.09375
568,0.0,473.0702621,15521.5742188
572,0.0,476.4690093,2756.9169922
576,0.0,479.8718219,-8762.7890625
580,0.0,483.2787409,-14706.1835938
584,0.0,486.6897183,-10832.6210938
588,0.0,490.1047977,-230.3788147
592,0.0,493.5239909,5056.1875
596,0.0,496.9472761,960.5397949
600,0.0,500.3746788,-3903.2060547
604,0.0,503.8061863,-2365.5683594
608,0.0,507.2418215,2858.7502441
612,0.0,510.6815604,5954.640625
616,0.0,514.1254278,5344.9375
620,0.0,517.5734898,2962.9106445
624,0.0,521.0256291,-115.2485199
628,0.0,524.4819119,-4391.015625
632,0.0,527.9423431,-6113.9765625
636,0.0,531.4069424,-1459.0800781
640,0.0,534.8757315,3860.1557617
644,0.0,538.3486377,4346.84375
648,0.0,541.8257122,3161.6386719
652,0.0,545.3069601,2688.8056641
656,0.0,548.7924473,1632.6118164
660,0.0,552.2820568,-896.2458496
664,0.0,555.7758547,-5077.8164063
668,0.0,559.273846,-8289.5976563
672,-1e-07,562.7760358,-4991.6210938
676,0.0,566.28249,5439.3828125
680,0.0,569.7930918,13767.1835938
684,0.0,573.307907,10930.2109375
688,0.0,576.8269409,-647.7070313
692,0.0,580.3501985,-10270.6835938
696,0.0,583.8777426,-9071.21875
700,0.0,587.409466,178.5431519
704,0.0,590.9454251,5616.9492188
708,0.0,594.4856282,2714.2658691
712,0.0,598.0300804,-1862.954834
716,0.0,601.5787868,-2112.5737305
720,0.0,605.1318135,532.0402832
724,0.0,608.6890435,929.0874023
728,0.0,612.2505431,-1250.4450684
732,0.0,615.8163174,-1425.2495117
736,0.0,619.3863715,753.2670898
740,0.0,622.9607105,846.126709
744,-1e-07,626.5394005,-2496.7744141
748,0.0,630.1223248,-4969.21875
752,1e-07,633.7095494,-2997.3569336
756,1e-07,637.3010795,778.6247559
760,0.0,640.8969204,1539.253418
764,-1e-07,644.4970771,-1120.4338379
768,-1e-07,648.1015872,-3228.6943359
772,0.0,651.7104199,-913.2624512
776,0.0,655.3235553,5121.953125
780,1e-07,658.9410273,8160.2929688
784,0.0,662.5628412,2972.2817383
788,0.0,666.1890021,-5408.03125
792,0.0,669.8195153,-6846.8710938
796,0.0,673.4543965,84.3049316
800,0.0,677.0936803,5633.671875
804,1e-07,680.7372816,2839.0510254
808,0.0,684.3852561,-2956.6818848
812,0.0,688.037609,-2991.8886719
816,-1e-07,691.6943457,1673.7885742
820,-1e-07,695.3554712,2992.3413086
824,0.0,699.0209909,-536.9489746
828,0.0,702.6909102,-2412.2275391
832,0.0,706.3652479,1167.1210938
836,0.0,710.0440294,6540.8984375
840,1e-07,713.7271789,7733.0820313
844,0.0,717.4147489,2804.4001465
848,0.0,721.106745,-4314.6523438
852,0.0,724.8031723,-7761.9492188
856,0.0,728.5040362,-4814.8671875
860,0.0,732.2093421,2324.4411621
864,0.0,735.9190952,6413.140625
868,1e-07,739.6333008,1133.0788574
872,0.0,743.3519966,-8812.7421875
876,0.0,747.0751523,-11195.1914063
880,-1e-07,750.8027479,-3181.0280762
884,-1e-07,754.5348173,4682.4648438
888,0.0,758.2713661,5258.9179688
892,0.0,762.0123997,3663.9475098
896,0.0,765.7579234,4154.9453125
900,0.0,769.5079426,2784.0380859
904,0.0,773.2624627,-1954.5131836
908,0.0,777.0214891,-5187.4101563
912,0.0,780.7850272,-3929.8635254
916,0.0,784.5530825,338.1147461
920,0.0,788.3256604,4579.9921875
924,0.0,792.1027662,5789.6757813
928,0.0,795.8844054,2601.979248
932,0.0,799.6706434,-2940.5693359
936,0.0,803.4613669,-5201.078125
940,0.0,807.2566391,-1326.9101563
944,0.0,811.0564664,2764.8803711
948,0.0,814.8608545,1082.9577637
952,0.0,818.6698086,-3523.4348145
956,0.0,822.4833345,-5850.828125
960,0.0,826.3014374,-5610.0117188
964,0.0,830.124123,-5388.5351563
968,-1e-07,833.9513968,-3649.5742188
972,0.0,837.7832641,3818.5617676
976,0.0,841.6197306,11244.0
980,1e-07,845.4608017,8769.8554688
984,1e-07,849.306483,1484.1276855
988,1e-07,853.15678,-243.6213989
992,0.0,857.0116983,1198.1472168
996,-1e-07,860.8712433,-403.3425293
1000,-1e-07,864.7354207,-2668.1728516
1004,-1e-07,868.604236,-369.9084473
1008,0.0,872.4776948,3697.954834
1012,0.0,876.3558026,1182.3876953
1016,1e-07,880.2385651,-7764.2109375
1020,0.0,884.1259878,-11019.828125
1024,0.0,888.0180762,-119.1440735
1028,0.0,891.9148361,16111.9257813
1032,0.0,895.8162731,20179.671875
1036,0.0,899.7223926,5545.6640625
1040,0.0,903.6332004,-15814.9804688
1044,0.0,907.5487021,-24377.4257813
1048,0.0,911.4689033,-13661.2734375
1052,0.0,915.3938096,2326.3540039
1056,0.0,919.3234268,7367.3242188
1060,0.0,923.2577604,3611.0966797
1064,0.0,927.1968161,5461.2148438
1068,0.0,931.1405996,14354.0742188
1072,0.0,935.0891166,15968.46875
1076,0.0,939.0423727,6196.453125
1080,1e-07,943.0003736,-3392.1542969
1084,1e-07,946.9631249,-8091.0117188
1088,0.0,950.9306326,-12887.8515625
1092,0.0,954.9029022,-15109.9648438
1096,0.0,958.8799394,-7961.0664063
1100,0.0,962.86175,3480.4511719
1104,0.0,966.8483398,9015.8671875
1108,0.0,970.8396532,7449.2226563
1112,0.0,974.8358183,2669.512207
1116,0.0,978.8367796,-2322.795166
1120,0.0,982.8425431,-5054.5
1124,0.0,986.8531144,-5834.8164063
1128,-1e-07,990.8684994,-6232.3320313
1132,0.0,994.8887037,-3919.0722656
1136,0.0,998.9137332,3899.2438965
1140,1e-07,1002.9435937,12130.9609375
1144,1e-07,1006.9782909,11687.2773438
1148,1e-07,1011.0178307,3333.7651367
1152,0.0,1015.0622188,-3759.973877
1156,-1e-07,1019.1114611,-6185.7617188
1160,-1e-07,1023.1655317,-5557.4609375
1164,0.0,1027.2244799,-1008.3217773
1168,0.0,1031.2883604,5186.8398438
1172,1e-07,1035.3570575,6150.234375
1176,0.0,1039.4306437,1309.2438965
1180,0.0,1043.5091794,-3968.5686035
1184,0.0,1047.5925162,-6924.9648438
1188,0.0,1051.6807519,-6516.7460938
1192,0.0,1055.7739518,-2788.8652344
1196,0.0,1059.8720662,1190.203125
1200,0.0,1063.9750708,2385.6035156
1204,0.0,1068.0830473,1544.7214355
1208,1e-07,1072.1958959,2776.1289063
1212,0.0,1076.3137423,6642.046875
1216,-1e-07,1080.4364746,7256.796875
1220,-1e-07,1084.5641252,2655.486084
1224,-1e-07,1088.6967913,-2072.4147949
1228,0.0,1092.8344231,-4596.8789063
1232,1e-07,1096.9769789,-5778.25
1236,0.0,1101.1245858,-5149.9257813
1240,0.0,1105.2770844,-2791.0749512
1244,0.0,1109.4346116,23.8464203
1248,0.0,1113.5971526,1868.3999023
1252,0.0,1117.7645893,2121.5888672
1256,0.0,1121.9370905,1776.8684082
1260,0.0,1126.1145715,1330.3039551
1264,0.0,1130.2971316,76.7425842
1268,1e-07,1134.4847094,-1372.7741699
1272,1e-07,1138.6772563,-1639.6105957
1276,0.0,1142.8748357,-1636.8034668
1280,-1e-07,1147.0774584,-3530.045166
1284,0.0,1151.2851257,-6032.8125
1288,0.0,1155.4978644,-4911.1289063
1292,0.0,1159.7156817,-449.4936523
1296,0.0,1163.9385593,1880.5397949
1300,0.0,1168.1663812,1425.439209
1304,0.0,1172.3993976,4506.1210938
1308,0.0,1176.6374925,12891.5820313
1312,0.0,1180.880672,18481.7851563
1316,0.0,1185.1289423,13946.2539063
1320,0.0,1189.3823094,2722.203125
1324,0.0,1193.6406724,-7153.796875
1328,1e-07,1197.9042486,-12873.0429688
1332,1e-07,1202.1729441,-14405.828125
1336,1e-07,1206.4467651,-9504.4960938
1340,0.0,1210.7256897,1973.7485352
1344,0.0,1215.0097665,11746.0664063
1348,-1e-07,1219.2989832,8923.6015625
1352,0.0,1223.5933458,-4769.8398438
1356,0.0,1227.8928605,-13876.984375
1360,0.0,1232.1975336,-8700.8125
1364,-5e-07,1236.5073713,3109.8757324
1368,-4.8e-06,1240.8223802,8613.0664063
1372,-3.57e-05,1245.1425887,4492.1601563
1376,-0.0002047,1249.4679817,-3596.0917969
1380,-0.0009074,1253.7985005,-10286.6015625
1384,-0.003076,1258.1343351,-12975.8085938
1388,-0.0078447,1262.4752475,-8824.5390625
1392,-0.0145679,1266.8214881,1770.2683105
1396,-0.0181856,1271.172819,11362.4257813
1400,-0.0110138,1275.5294907,11464.671875
1404,0.0084947,1279.8906579,1939.6381836
1408,0.0297924,1284.3663293,-6601.8710938
1412,0.0385756,1289.1570387,-3372.3713379
1416,0.0305639,1294.0258896,8822.0859375
1420,0.0123672,1299.0271247,16452.8554688
1424,-0.0083062,1304.1281186,12039.2539063
1428,-0.0269352,1309.1674631,1236.2705078
1432,-0.0378127,1314.2440201,-6546.3125
1436,-0.0321401,1319.2667377,-8037.21875
1440,-0.0068151,1324.157166,-6598.2617188
1444,0.0248187,1329.0886677,-5767.9335938
1448,0.0390062,1334.2084446,-4405.7382813
1452,0.024793,1339.5529917,-1028.8305664
1456,-0.0020778,1345.0175563,1992.081543
1460,-0.0152005,1350.2587345,3167.015625
1464,-0.0061252,1355.4752004,3839.96875
1468,0.0098267,1360.7922022,3651.6552734
1472,0.0139811,1366.1288619,1687.0964355
1476,0.0016072,1371.4702616,-374.7565918
1480,-0.0189884,1376.7326996,-1378.2028809
1484,-0.0344534,1381.9021477,-1914.3701172
1488,-0.0331834,1386.8055211,-1492.6958008
1492,-0.0131804,1391.6341497,1021.3598633
1496,0.0124575,1396.3897671,4045.9042969
1500,0.0231375,1401.2444091,3311.4807129
1504,0.0111321,1406.2895953,-2278.8666992
1508,-0.0071523,1411.271118,-7409.609375
1512,-0.00806,1416.0840896,-6999.1640625
1516,0.0111711,1420.9226402,-2923.0834961
1520,0.0286936,1425.9036772,455.5935059
1524,0.0238855,1431.1481093,2731.8981934
1528,0.0003735,1436.4725304,4714.5585938
1532,-0.0207181,1441.6195075,4999.109375
1536,-0.0250764,1446.7895265,2088.7614746
1540,-0.0155716,1451.9084206,-3779.6982422
1544,-0.0025501,1457.0260943,-8379.0585938
1548,0.0068052,1462.2177381,-5394.5859375
1552,0.0106068,1467.4557569,3201.3581543
1556,0.0109846,1472.7337015,7239.8984375
1560,0.0110315,1477.9960376,2643.4692383
1564,0.0099226,1483.2965298,-3390.0336914
1568,0.0029479,1488.7111642,-2347.8967285
1572,-0.010117,1494.1443172,5007.1835938
1576,-0.0192721,1499.6010201,10023.0742188
1580,-0.0135338,1504.9604633,7511.8164063
1584,0.004293,1510.1588062,427.2568359
1588,0.0192293,1515.6097566,-6236.6640625
1592,0.0201938,1521.0225142,-9499.6484375
1596,0.0083081,1526.4956313,-8814.0078125
1600,-0.0076371,1531.9958829,-5710.75
1604,-0.0182365,1537.3546295,-1261.9350586
1608,-0.0188456,1542.5856592,3553.6757813
1612,-0.0112154,1547.8395904,6772.2421875
1616,-0.0005596,1552.9234804,8026.2148438
1620,0.0075946,1558.0372871,6965.7929688
1624,0.0096975,1563.1931134,1383.8371582
1628,0.0060107,1568.3102139,-6661.1601563
1632,-0.0005011,1573.4176553,-10071.7265625
1636,-0.0057677,1578.5320069,-5262.0117188
1640,-0.0050482,1583.6154409,3957.5791016
1644,0.0020244,1588.586124,9568.8007813
1648,0.0063983,1593.5887326,7375.6914063
1652,-0.0011779,1598.7353552,2789.237793
1656,-0.0147258,1603.8514671,1767.302002
1660,-0.0167079,1608.8434594,1029.2414551
1664,0.0005536,1613.763325,-3689.4829102
1668,0.0244418,1618.788893,-9314.3984375
1672,0.0347863,1623.9359695,-10986.3476563
1676,0.0227208,1629.2239597,-7691.7148438
1680,-0.0030785,1634.5736669,-1967.4106445
1684,-0.0251131,1639.7845738,3063.6923828
1688,-0.0308704,1644.9202597,6559.8984375
1692,-0.0201973,1649.9662574,7977.40625
1696,-0.0025679,1654.9130647,5460.7695313
1700,0.0114498,1659.9798213,-27.0962982
1704,0.0174089,1665.0832007,-3821.2243652
1708,0.0161306,1670.2046725,-3119.9553223
1712,0.0076586,1675.3290819,-77.9853821
1716,-0.0079374,1680.5174826,1329.8833008
1720,-0.0232217,1685.673882,217.6299438
1724,-0.0249675,1690.7545749,-983.1604004
1728,-0.0079901,1695.784417,-1306.3513184
1732,0.0163041,1700.7984736,-1955.8186035
1736,0.0302202,1706.0041347,-2378.1657715
1740,0.0286748,1711.3771834,-1684.9155273
1744,0.0224647,1716.8391403,-1025.7907715
1748,0.0184979,1722.1425098,-235.6317749
1752,0.0055057,1727.5298325,2329.7836914
1756,-0.0263414,1733.1556759,5495.21875
1760,-0.0587163,1738.419474,5541.9765625
1764,-0.0594282,1743.3305709,660.3725586
1768,-0.0226443,1748.0937613,-6488.71875
1772,0.0223215,1752.8417834,-10942.6953125
1776,0.043163,1757.7640805,-10631.7773438
1780,0.0346172,1762.8179543,-7192.453125
1784,0.0151985,1767.8504445,-1592.1242676
1788,0.0022108,1772.8768441,6152.0
1792,-0.0027099,1778.0266501,13656.5195313
1796,-0.0054133,1783.1285236,16689.4414063
1800,-0.0074261,1788.1313017,12670.390625
1804,-0.0069525,1793.1096645,3258.1306152
1808,-0.0048951,1798.0618844,-6238.8867188
1812,-0.0048144,1802.9359183,-9876.2382813
1816,-0.0081958,1807.7754483,-4400.53125
1820,-0.0107308,1812.6020152,7200.5703125
1824,-0.0057132,1817.346788,15842.9414063
1828,0.0057159,1822.0230105,14245.1601563
1832,0.0130994,1826.7612706,4860.0859375
1836,0.0112032,1831.6482888,-3975.2629395
1840,0.0075321,1836.4539509,-8346.015625
1844,0.0078374,1841.2545306,-10180.53125
1848,0.0049689,1846.1216385,-11298.1796875
1852,-0.0084351,1851.0418763,-11704.2148438
1856,-0.0258738,1855.8951927,-11497.6015625
1860,-0.0344562,1860.6487462,-10549.5703125
1864,-0.028759,1865.3846516,-8389.8125
1868,-0.0106292,1870.1243211,-5568.8867188
1872,0.0168214,1874.9217791,-3275.310791
1876,0.0457652,1879.9475712,-1305.9946289
1880,0.0581515,1885.1115725,3736.9047852
1884,0.037245,1890.776886,14807.6289063
1888,-0.0095074,1896.6553132,26324.6835938
1892,-0.0509948,1902.335699,26475.4921875
1896,-0.0631519,1907.8855728,11364.0742188
1900,-0.0442543,1913.5832246,-8886.7578125
1904,0.0030225,1919.3778068,-20093.765625
1908,0.0729673,1925.1796579,-16855.9648438
1912,0.1273746,1931.4270079,-5043.296875
1916,0.1071443,1938.241679,5522.9648438
1920,0.0069015,1946.8668658,8987.7421875
1924,-0.0952786,1954.1281847,6071.7578125
1928,-0.1200396,1960.3017792,1095.0512695
1932,-0.0717323,1966.3567914,-2487.2099609
1936,-0.0130663,1972.2873427,-3172.2470703
1940,0.0139095,1978.1500625,-1074.9975586
1944,0.0142815,1983.9319636,1470.342041
1948,0.0106336,1989.6542346,1194.1884766
1952,0.0120134,1995.2761095,-2756.3859863
1956,0.0110182,2001.0023556,-7118.625
1960,0.0030213,2006.8233494,-7212.0
1964,-0.000409,2012.6624092,-2704.2133789
1968,0.0129741,2018.3671808,1461.467041
1972,0.0301217,2024.1212465,2546.6777344
1976,0.0218971,2030.032313,3376.7214355
1980,-0.0138361,2036.3747066,5459.2304688
1984,-0.0404722,2042.2407343,5849.859375
1988,-0.0295587,2047.8511671,3183.7050781
1992,0.0019382,2053.5864935,823.2956543
1996,0.0187725,2059.4718867,963.6123047
2000,0.0123835,2065.3304192,374.4526367
2004,0.0016344,2071.3319533,-4039.5024414
2008,0.0020264,2077.1873646,-9513.109375
2012,0.0094835,2083.0482295,-10543.7070313
2016,0.011325,2089.1408549,-5550.2382813
2020,0.0030822,2095.1384514,1759.0703125
2024,-0.0084011,2101.0755752,6836.6796875
2028,-0.0131276,2106.9533798,7671.3515625
2032,-0.0068337,2112.7500465,5181.0625
2036,0.0034127,2118.4247234,2958.9775391
2040,0.0035255,2124.2183102,4164.0429688
2044,-0.0100801,2130.0140646,7220.09375
2048,-0.0210186,2135.6164128,7215.6171875
2052,-0.0124836,2141.0618763,1976.2062988
2056,0.0078624,2146.4489761,-5396.0898438
2060,0.0176949,2152.0089251,-10264.1328125
2064,0.0119713,2157.8359755,-11125.4960938
2068,0.0055869,2163.44064,-9499.8476563
2072,0.0051172,2168.8825945,-6388.6953125
2076,0.00286,2174.8524312,-1803.184082
2080,-0.0014169,2180.5282232,2775.1333008
2084,-0.0013409,2186.122337,5325.4765625
2088,-0.0035824,2191.760424,6527.6640625
2092,-0.017157,2197.6226639,7977.5898438
2096,-0.0282733,2203.3476862,8210.25
2100,-0.0147366,2208.6920863,4636.5546875
2104,0.0168756,2214.2832789,-2464.5808105
2108,0.0334433,2219.9176594,-9409.1484375
2112,0.0186446,2225.8476528,-10850.4257813
2116,-0.0049589,2231.9179493,-4804.359375
2120,-0.0081657,2237.6905312,3514.529541
2124,0.0059192,2243.5808615,7177.1367188
2128,0.0135373,2249.8902535,5210.0625
2132,0.0069876,2255.9917256,1632.0021973
2136,-0.0022177,2262.1356784,-156.9193573
2140,-0.0051011,2268.4598354,-613.0273438
2144,-0.0027957,2274.7738281,-2454.7995605
2148,-0.0014171,2281.0317545,-6004.578125
2152,-0.0065464,2287.2393313,-8465.6054688
2156,-0.0154566,2293.4481141,-7365.84375
2160,-0.0172564,2299.4159378,-2859.2768555
2164,-0.007992,2305.1161174,2123.6787109
2168,0.0036542,2310.9658059,4361.2148438
2172,0.0119673,2316.8150119,3614.3659668
2176,0.0191474,2322.7533043,2576.4213867
2180,0.0204779,2328.8750969,3957.1230469
2184,0.0073765,2335.1252185,7552.0195313
2188,-0.0124892,2341.1365533,9949.1484375
2192,-0.0212429,2347.0946225,8011.4257813
2196,-0.0155103,2352.8540287,2231.8874512
2200,-0.0059274,2358.7481656,-4126.6601563
2204,0.001652,2364.4794044,-8322.015625
2208,0.0071388,2370.15922,-9453.7421875
2212,0.0073887,2376.0318126,-7112.46875
2216,0.0032711,2381.927966,-2117.5854492
2220,0.0058886,2387.7692225,1791.9243164
2224,0.0193853,2393.3900165,1984.7919922
2228,0.0263381,2399.3534001,669.4399414
2232,0.0062764,2405.346575,954.0544434
2236,-0.0350888,2411.3158306,2708.5563965
2240,-0.0655485,2416.9460706,3677.6069336
2244,-0.05526,2422.30437,2451.5976563
2248,-0.0061553,2427.5004562,104.9958496
2252,0.0446611,2432.8825574,-1403.0893555
2256,0.0569142,2438.793614,-1780.8825684
2260,0.0274925,2444.8598442,-1817.1821289
2264,-0.0069958,2450.8859939,-1308.137207
2268,-0.0097754,2456.9911403,435.1560059
2272,0.0182404,2462.9551484,2266.2724609
2276,0.0401895,2469.1634226,1819.9633789
2280,0.0235229,2475.9657404,-829.6135254
2284,-0.0227475,2482.6663671,-2472.1345215
2288,-0.058059,2489.0038578,-1054.8452148
2292,-0.0543142,2495.0991639,1232.1401367
2296,-0.0194826,2501.0746667,973.362793
2300,0.0182123,2507.0921364,-1649.8776855
2304,0.0368999,2513.2809778,-3284.097168
2308,0.0319128,2519.5796368,-2265.7883301
2312,0.0114334,2525.9962575,-547.9331055
2316,-0.0107359,2532.4539286,-200.6851044
2320,-0.0214328,2538.8463114,-561.8881836
2324,-0.0163335,2545.1005873,-157.6047974
2328,-0.0040442,2551.3537865,834.1665039
2332,0.0034409,2557.7675954,1556.824707
2336,0.0043969,2564.1936248,2190.4736328
2340,0.0055287,2570.6596962,3103.737793
2344,0.0087752,2577.0760926,3528.7409668
2348,0.0095053,2583.725757,2725.7832031
2352,0.0068212,2590.4874715,1537.5883789
2356,0.0042201,2597.0748579,1100.107666
2360,0.0003325,2603.7880346,679.2475586
2364,-0.0082977,2610.6478725,-1037.9880371
2368,-0.0155423,2617.4475449,-3264.5397949
2372,-0.0100694,2624.1665094,-4448.3710938
2376,0.0069478,2630.9073921,-4639.8359375
2380,0.0183281,2637.5411602,-4145.2851563
2384,0.009712,2644.3585087,-2350.0505371
2388,-0.0112033,2651.3910766,875.8476563
2392,-0.0211119,2658.0839938,4093.6567383
2396,-0.0093323,2664.628947,4916.7070313
2400,0.009059,2671.2261107,2173.0949707
2404,0.0136361,2677.920944,-2325.3657227
2408,0.0030214,2684.6969052,-4878.6289063
2412,-0.0077164,2691.479417,-3331.2521973
2416,-0.0072136,2698.0419374,781.677002
2420,0.0019827,2704.7866781,3935.6589355
2424,0.0101615,2711.4708511,3537.3796387
2428,0.0100546,2718.242319,-458.7717285
2432,0.0011248,2725.0291753,-5223.1445313
2436,-0.0090106,2731.8489209,-6959.21875
2440,-0.0101206,2738.5415957,-4114.8867188
2444,-0.002339,2745.0188043,1559.9135742
2448,0.002803,2751.6887926,6653.390625
2452,0.0007785,2758.3972721,8551.4023438
2456,0.0021145,2765.0441717,7361.1523438
2460,0.0115374,2771.4739393,4801.71875
2464,0.0130522,2778.2005589,1578.1066895
2468,-0.006279,2784.991876,-2118.8789063
2472,-0.0280497,2791.5853987,-4980.7851563
2476,-0.0218336,2797.9077663,-5306.203125
2480,0.0091986,2804.002286,-3186.3693848
2484,0.0269727,2810.5874024,-836.614502
2488,0.0087608,2817.2771267,48.4502563
2492,-0.0236088,2823.7468818,-189.8421936
2496,-0.0335263,2829.9777562,-1046.5549316
2500,-0.0104319,2836.2483733,-2628.9187012
2504,0.024588,2842.4653511,-3607.1887207
2508,0.0404878,2849.0421294,-1848.2019043
2512,0.0238049,2855.8644893,2002.0993652
2516,-0.0077279,2862.816563,4661.6992188
2520,-0.0240437,2869.4920634,4415.4414063
2524,-0.015307,2876.1548427,3105.736084
2528,0.0036056,2883.0110324,3286.4509277
2532,0.0153679,2889.84652,4581.5664063
2536,0.0141106,2896.7902343,4487.5234375
2540,0.0032616,2903.9732921,2149.6184082
2544,-0.008312,2911.0683648,-1027.612793
2548,-0.0117107,2918.1742895,-4321.9375
2552,-0.006813,2925.0241269,-8271.5117188
2556,-0.001729,2932.1408442,-11737.609375
2560,-0.0002935,2939.1906418,-11583.703125
2564,0.0021462,2946.16049,-6197.890625
2568,0.0069079,2953.1203943,2482.5336914
2572,0.0063793,2960.1925455,10015.7070313
2576,-0.0036718,2967.3547744,12216.71875
2580,-0.0153896,2974.4224246,8324.3945313
2584,-0.0187379,2981.3659778,1655.3864746
2588,-0.0122074,2988.3717994,-2998.1335449
2592,0.0005818,2995.4488746,-3428.0986328
2596,0.0149355,3002.4965016,-1794.8063965
2600,0.0225566,3009.5741939,-1082.7792969
2604,0.0173335,3017.2880925,-1506.8105469
2608,0.0063082,3024.8682581,-2044.5046387
2612,0.0029375,3032.5298893,-2515.7785645
2616,0.0088456,3040.1802518,-3007.9753418
2620,0.0127756,3048.0410701,-3113.8969727
2624,0.0071093,3055.930141,-1889.3681641
2628,-0.0046352,3063.8258991,1450.8623047
2632,-0.0184087,3071.3943525,6143.125
2636,-0.0350179,3079.079769,9755.5585938
2640,-0.0465262,3086.6570428,10130.8554688
2644,-0.0333187,3093.8090267,7317.21875
2648,0.0083217,3100.703372,3334.0656738
2652,0.0490884,3107.9524749,-405.2595215
2656,0.0549276,3115.6316008,-4346.1445313
2660,0.0239778,3123.3554462,-8130.9492188
2664,-0.0153268,3131.1541576,-9191.0898438
2668,-0.0340672,3138.6651682,-6266.609375
2672,-0.0240885,3146.1181696,-1841.9934082
2676,0.0009762,3153.7625384,633.651123
2680,0.0174892,3161.21157,347.5339355
2684,0.0105882,3168.9353404,-761.6416016
2688,-0.009663,3176.8125864,-575.9187012
2692,-0.0168456,3184.39262,1112.9702148
2696,-0.0020727,3191.6978282,2773.395752
2700,0.0132528,3199.5389119,2674.1984863
2704,0.0105471,3207.7099644,594.7321777
2708,0.0003132,3215.5279338,-1325.6755371
2712,0.0001722,3223.4421697,-500.6242676
2716,0.0084435,3231.4617388,2680.3405762
2720,0.0133567,3239.6640134,4879.3476563
2724,0.0101544,3247.8999038,3673.0158691
2728,0.0017329,3256.127761,-32.8380585
2732,-0.0060627,3264.3303895,-3500.9018555
2736,-0.0095622,3272.3643185,-5235.8046875
2740,-0.0115974,3280.463754,-5603.3085938
2744,-0.0152938,3288.4203709,-4801.578125
2748,-0.0152686,3296.2706295,-2854.6669922
2752,-0.0055955,3303.7092744,-927.5800781
2756,0.0065173,3311.3166623,-272.017334
2760,0.0087479,3319.1095683,-526.2631836
2764,0.0020459,3326.7418158,535.1455078
2768,-0.0027704,3334.1257105,4833.296875
2772,-0.0017354,3342.0598403,10521.734375
2776,0.0007122,3349.3531556,12808.0976563
2780,0.00136,3357.2445755,9221.4023438
2784,0.0016347,3364.8903231,2107.9899902
2788,0.0051621,3372.5395395,-4326.3867188
2792,0.0139975,3380.3030281,-7630.3046875
2796,0.0226735,3388.0681064,-7641.265625
2800,0.0181695,3395.5731454,-5686.6796875
2804,-0.0040984,3404.5139055,-3647.1889648
2808,-0.0276415,3412.2980069,-2399.6376953
2812,-0.0323778,3419.8468827,-1239.9401855
2816,-0.0191123,3427.3366906,535.3359375
2820,-0.0026939,3434.943085,2132.2646484
2824,0.0086458,3442.3085726,2234.3188477
2828,0.013645,3449.797995,1093.1975098
2832,0.0096514,3457.3895068,507.6728516
2836,-0.0034668,3464.9907037,1336.3369141
2840,-0.0166066,3472.6011705,2176.7700195
2844,-0.015133,3480.2020244,1372.9541016
2848,0.0077539,3487.7531399,-654.7780762
2852,0.0378853,3495.2649393,-2160.7294922
2856,0.0468736,3503.1959651,-2360.4213867
2860,0.0214148,3511.6916115,-1530.9230957
2864,-0.0196489,3519.9923665,296.171875
2868,-0.0442431,3528.0881037,2700.6799316
2872,-0.0377593,3535.9960982,3969.0380859
2876,-0.0128762,3543.6207595,2912.8962402
2880,0.0073623,3551.5594389,206.2142792
2884,0.0133462,3559.5879954,-3307.0383301
2888,0.0113577,3567.3375023,-7167.4609375
2892,0.0078978,3575.599135,-9668.5703125
2896,0.0052189,3583.6593781,-8574.078125
2900,0.0059705,3591.8030883,-3700.0515137
2904,0.0075126,3599.8152262,2877.5888672
2908,0.0011373,3608.064851,8224.9101563
2912,-0.011314,3616.640892,9802.984375
2916,-0.0149348,3624.5825511,7327.9648438
2920,-0.0054855,3632.5754997,3131.7678223
2924,0.0036248,3640.9014286,-87.2892151
2928,0.004874,3649.1727458,-1032.9519043
2932,0.0048071,3657.2250987,-109.6452637
2936,0.0055087,3665.3090799,910.2712402
2940,0.0012407,3673.8329733,372.7009277
2944,-0.0052619,3682.1190786,-1722.7644043
2948,-0.0038117,3690.3105722,-3785.0568848
2952,0.0057483,3698.5973182,-3939.4118652
2956,0.0122989,3707.0813312,-1897.579834
2960,0.008237,3715.6183413,589.8823242
2964,-0.0048652,3724.1214191,1815.5646973
2968,-0.0216412,3732.3134414,1428.5407715
2972,-0.0334754,3740.8696268,-203.0013885
2976,-0.0268552,3748.8699798,-1976.8564453
2980,0.0037677,3756.7031133,-2313.3339844
2984,0.0384313,3764.7305827,-532.0288086
2988,0.0446563,3773.09822,2571.8195801
2992,0.0165147,3782.0667365,5078.6914063
2996,-0.0165384,3790.5904939,5147.8398438
3000,-0.0259554,3799.1540913,2946.2319336
3004,-0.0113717,3807.5185098,322.2556152
3008,0.0090356,3815.9352355,-1839.6152344
3012,0.0182912,3824.3330215,-3910.3635254
3016,0.0107576,3832.8374391,-5404.4101563
3020,-0.006268,3841.4186807,-5118.9882813
3024,-0.0188922,3849.6863381,-3177.842041
3028,-0.0175577,3857.8016324,-1108.7006836
3032,-0.0037122,3865.833751,-85.4402771
3036,0.0118828,3873.9221818,-48.2714996
3040,0.016645,3882.0811113,-249.6993713
3044,0.0058144,3890.375916,-47.6121063
3048,-0.0124613,3898.7413316,640.8532715
3052,-0.0235508,3906.8019847,1481.0678711
3056,-0.0181935,3915.1626583,2220.6606445
3060,0.0025178,3923.3181948,2662.0795898
3064,0.0279555,3931.4871301,2404.484375
3068,0.0405227,3939.7745253,1286.1633301
3072,0.0271,3948.7719722,-48.5976105
3076,-0.0045997,3957.8981383,-514.2797852
3080,-0.0284543,3966.5075362,417.1999512
3084,-0.0265612,3975.0182702,2277.6806641
3088,-0.0088879,3983.2723655,4053.5527344
3092,0.0016104,3991.8374421,4781.6210938
3096,-0.0009221,4000.2587246,4022.4060059
3100,-0.0030119,4008.5081305,2169.6835938
3104,0.0028498,4016.784651,122.6045227
3108,0.0078037,4025.2450534,-1525.7333984
3112,0.0030253,4033.65882,-2738.7570801
3116,-0.0072264,4042.0476169,-3683.1328125
3120,-0.012093,4050.3752742,-4592.0976563
3124,-0.0066505,4058.677014,-5425.390625
3128,0.004082,4066.9363643,-5453.1328125
3132,0.0110198,4075.3533258,-4067.1433105
3136,0.0097471,4083.8492877,-1760.7028809
3140,0.0038456,4092.228845,368.4199219
3144,-0.0004722,4100.7281615,1674.9121094
3148,-0.002422,4109.0085781,2183.3942871
3152,-0.0059425,4117.6899137,2207.9116211
3156,-0.0099879,4126.2490836,2058.5322266
3160,-0.0062333,4134.6385161,1631.8840332
3164,0.0088567,4143.16775,424.1125488
3168,0.0248437,4151.9927522,-1487.0258789
3172,0.02566,4160.9838231,-3221.9589844
3176,0.007423,4170.1381779,-4005.5004883
3180,-0.0138035,4179.4135467,-3326.5322266
3184,-0.0175306,4188.275231,-942.1853027
3188,-0.0036341,4197.4267539,2321.4304199
3192,0.0078174,4206.1747624,4978.1875
3196,0.0030629,4215.2900527,6308.7070313
3200,-0.0106815,4224.5883024,6246.9179688
3204,-0.0184023,4233.3398073,4874.6132813
3208,-0.0145044,4242.0953758,2681.065918
3212,-0.0046508,4250.7367505,163.8542786
3216,0.0025984,4259.3238693,-2395.1865234
3220,0.0041759,4267.9758457,-4270.0664063
3224,0.0048682,4276.516371,-4700.78125
3228,0.0099368,4285.1043852,-3643.9057617
3232,0.0163315,4293.9825054,-1468.9438477
3236,0.0152878,4302.7459667,979.8623047
3240,0.0032382,4311.5656841,2465.121582
3244,-0.0121368,4320.3781467,2339.8742676
3248,-0.0189863,4328.9843773,977.3376465
3252,-0.0148223,4337.0560956,-480.9799805
3256,-0.0074994,4345.6305366,-840.1159668
3260,-0.0026081,4353.9471374,165.3375702
3264,0.0016427,4362.1449336,1707.496582
3268,0.0075958,4370.2847746,2304.1574707
3272,0.0138157,4378.833884,882.2944336
3276,0.016401,4387.2739741,-2188.199707
3280,0.0116059,4395.917821,-5599.5390625
3284,0.0004177,4404.712717,-7622.453125
3288,-0.009597,4413.3842059,-6580.5234375
3292,-0.0111752,4422.0751514,-2319.545166
3296,-0.0056094,4430.7391934,3492.0021973
3300,-0.0011952,4439.6176716,8200.1875
3304,-0.0028681,4448.1993201,9212.671875
3308,-0.0055564,4456.9627679,6214.703125
3312,-0.0010916,4465.4349649,1746.3942871
3316,0.0091004,4473.9743536,-1382.9711914
3320,0.013715,4482.6801012,-2060.2009277
3324,0.0060621,4491.4716926,-1180.2370605
3328,-0.0064695,4500.3481878,-876.9411621
3332,-0.0114297,4509.1000158,-2404.5168457
3336,-0.0052716,4517.646247,-4937.015625
3340,0.0054913,4526.3174448,-6732.8046875
3344,0.012341,4534.9617142,-6557.5703125
3348,0.0101064,4543.7240784,-4013.9541016
3352,-0.0019458,4552.28253,30.5450592
3356,-0.0193287,4560.7973341,3553.5605469
3360,-0.0319376,4569.0265945,5141.3398438
3364,-0.0275101,4577.3911581,4937.5820313
3368,9.81e-05,4585.78685,3890.9997559
3372,0.0400998,4594.2680065,2935.03125
3376,0.0613643,4603.2710953,2114.1081543
3380,0.0363842,4612.9386299,671.388916
3384,-0.0196532,4622.5784788,-1374.3637695
3388,-0.0546386,4631.3623885,-2967.7316895
3392,-0.0389077,4639.8350895,-3271.5061035
3396,0.0029373,4648.3626148,-2253.4404297
3400,0.0283974,4657.0696093,-722.6342773
3404,0.0223357,4665.9281724,204.4927063
3408,-0.0006254,4674.5373491,295.1413574
3412,-0.019898,4683.3448447,328.6313477
3416,-0.0251493,4692.0268483,1027.434082
3420,-0.016038,4700.6995883,2459.4240723
3424,0.0029112,4709.3482934,3925.9528809
3428,0.021507,4717.9371891,4264.4804688
3432,0.0253447,4726.74784,2989.9672852
3436,0.0102637,4735.541049,875.1547852
3440,-0.0076227,4744.261518,-856.8718262
3444,-0.0088299,4753.0012322,-1508.4033203
3448,0.0045717,4761.7419521,-1269.651123
3452,0.012675,4770.6115334,-859.1916504
3456,0.0044345,4779.578619,-735.0830078
3460,-0.0106648,4788.4786969,-820.979248
3464,-0.0171164,4797.3056614,-863.0700684
3468,-0.0106959,4806.0563454,-684.6687012
3472,-0.0001297,4814.7866032,-264.3669434
3476,0.0042966,4823.662314,55.4813538
3480,0.0018721,4832.5833721,387.8425293
3484,0.0003945,4841.4579132,1951.0664063
3488,0.0047644,4850.5248631,4848.109375
3492,0.0101827,4859.5771971,6657.71875
3496,0.008663,4868.7050668,3789.8093262
3500,-0.0001527,4877.9764694,-5461.40625
3504,-0.007996,4887.0862601,-17000.8242188
3508,-0.0073552,4896.1825142,-23416.3632813
3512,0.0004971,4905.3515932,-20538.7890625
3516,0.0069414,4914.3157887,-9251.375
3520,0.0054218,4923.5206147,4929.1210938
3524,-0.0004338,4932.8976858,15422.2929688
3528,-0.0018292,4941.9369442,19324.984375
3532,0.0016672,4950.9875206,16878.71875
3536,0.0017035,4960.0869448,10684.34375
3540,-0.0047484,4969.1046094,4545.953125
3544,-0.0105973,4978.0521331,228.5949249
3548,-0.0085953,4986.818751,-2131.9001465
3552,0.002009,4995.6023918,-2616.529541
3556,0.0177679,5004.3067967,-1844.6191406
3560,0.0325176,5012.9915029,-853.2773438
3564,0.0338799,5021.8562868,-1022.2768555
3568,0.0042101,5030.5439164,-3162.9802246
3572,-0.057685,5039.3744105,-5981.1992188
3576,-0.1088157,5048.139178,-6876.796875
3580,-0.0878497,5056.2788537,-4639.4726563
3584,0.0053237,5063.7262258,-285.4680176
3588,0.0912366,5071.9548148,4166.3984375
3592,0.1013473,5080.6178247,6927.9023438
3596,0.0490841,5089.1831787,7708.0351563
3600,-0.0077818,5098.0611188,7296.1875
3604,-0.0323454,5107.3523917,6038.8359375
3608,-0.0233913,5116.1617856,4140.1132813
3612,-0.001248,5124.9668861,1479.548584
3616,0.0100963,5133.9892593,-2560.0842285
3620,0.003747,5143.3152095,-7625.65625
3624,-0.0049915,5152.534213,-12298.4960938
3628,-0.0010949,5161.6817444,-14396.7929688
3632,0.0076971,5170.803779,-11986.046875
3636,0.0010952,5179.9981793,-5943.9648438
3640,-0.0216025,5189.368199,814.9841309
3644,-0.0341294,5198.7510269,5944.71875
3648,-0.0175241,5207.6843971,8499.6171875
3652,0.0122483,5216.9677229,9116.234375
3656,0.025336,5226.5499954,8484.21875
3660,0.0146546,5236.1144034,6354.6367188
3664,-0.0015918,5245.7125195,2892.0021973
3668,-0.0053021,5255.0509224,-949.185791
3672,0.0033776,5264.4558895,-3848.4145508
3676,0.011009,5274.0516914,-4774.796875
3680,0.0085536,5283.6502453,-3875.1311035
3684,0.0,5287.9704646,-2089.401123
3688,,5287.9704646,-453.4279785
3692,,5287.9704646,306.7807617
3696,,5287.9704646,218.9875183
3700,,5287.9704646,-94.8222504
3704,,5287.9704646,118.2227631
3708,,5287.9704646,1136.739502
3712,,5287.9704646,2272.3637695
3716,,5287.9704646,2455.604248
3720,,5287.9704646,1211.2897949
3724,,5287.9704646,-988.7827148
3728,,5287.9704646,-3039.8959961
3732,,5287.9704646,-3948.0136719
3736,,5287.9704646,-3254.2705078
3740,,5287.9704646,-1217.9033203
3744,,5287.9704646,1061.4084473
3748,,5287.9704646,2257.9892578
3752,,5287.9704646,1773.5256348
3756,,5287.9704646,164.6014709
3760,,5287.9704646,-1305.3293457
3764,,5287.9704646,-1700.8137207
3768,,5287.9704646,-1023.3664551
3772,,5287.9704646,154.6292725
3776,,5287.9704646,1484.0593262
3780,,5287.9704646,3051.2587891
3784,,5287.9704646,4829.40625
3788,,5287.9704646,6071.2304688
3792,,5287.9704646,5751.0625
3796,,5287.9704646,3805.9250488
3800,,5287.9704646,1150.0979004
3804,,5287.9704646,-1350.4216309
3808,,5287.9704646,-3374.4145508
3812,,5287.9704646,-4948.7695313
3816,,5287.9704646,-5928.0585938
3820,,5287.9704646,-5947.0273438
3824,,5287.9704646,-4838.296875
3828,,5287.9704646,-2914.6437988
3832,,5287.9704646,-1045.994873
3836,,5287.9704646,-158.530365
3840,,5287.9704646,-424.880127
3844,,5287.9704646,-1180.690918
3848,,5287.9704646,-1595.7451172
3852,,5287.9704646,-1148.1630859
3856,,5287.9704646,353.0837402
3860,,5287.9704646,2699.244873
3864,,5287.9704646,5167.25
3868,,5287.9704646,6792.4804688
3872,,5287.9704646,7093.0859375
3876,,5287.9704646,6241.7539063
3880,,5287.9704646,4526.921875
3884,,5287.9704646,2201.7182617
3888,,5287.9704646,-434.5583496
3892,,5287.9704646,-2988.034668
3896,,5287.9704646,-4882.3085938
3900,,5287.9704646,-5551.015625
3904,,5287.9704646,-4829.7226563
3908,,5287.9704646,-3345.6577148
3912,,5287.9704646,-2233.0637207
3916,,5287.9704646,-2041.5095215
3920,,5287.9704646,-2220.9775391
3924,,5287.9704646,-1781.6611328
3928,,5287.9704646,-348.6166992
3932,,5287.9704646,1425.0302734
3936,,5287.9704646,2471.65625
3940,,5287.9704646,2175.3835449
3944,,5287.9704646,774.1264648
3948,,5287.9704646,-826.2207031
3952,,5287.9704646,-1630.1152344
3956,,5287.9704646,-1142.9824219
3960,,5287.9704646,295.0488281
3964,,5287.9704646,1767.7062988
3968,,5287.9704646,2563.5048828
3972,,5287.9704646,2697.8522949
3976,,5287.9704646,2566.3493652
3980,,5287.9704646,2241.2592773
3984,,5287.9704646,1464.3598633
3988,,5287.9704646,257.8029785
3992,,5287.9704646,-791.5075684
3996,,5287.9704646,-1015.8383789
4000,,5287.9704646,-369.3000488
4004,,5287.9704646,507.3007813
4008,,5287.9704646,896.4599609
4012,,5287.9704646,585.1101074
4016,,5287.9704646,-122.9663239
4020,,5287.9704646,-801.4736328
4024,,5287.9704646,-1206.1347656
4028,,5287.9704646,-1311.3410645
4032,,5287.9704646,-1237.1879883
4036,,5287.9704646,-1132.9873047
4040,,5287.9704646,-1045.625
4044,,5287.9704646,-907.4890137
4048,,5287.9704646,-674.5209961
4052,,5287.9704646,-440.5783691
4056,,5287.9704646,-343.9501953
4060,,5287.9704646,-405.53125
4064,,5287.9704646,-542.7800293
4068,,5287.9704646,-671.720459
4072,,5287.9704646,-710.079834
4076,,5287.9704646,-545.1503906
4080,,5287.9704646,-77.6336365
4084,,5287.9704646,721.6467285
4088,,5287.9704646,1772.7478027
4092,,5287.9704646,2815.5273438
4096,,5287.9704646,3404.3530273
4100,,5287.9704646,3111.4772949
4104,,5287.9704646,1825.3728027
4108,,5287.9704646,-43.8948364
4112,,5287.9704646,-1631.534668
4116,,5287.9704646,-2144.7121582
4120,,5287.9704646,-1548.0268555
4124,,5287.9704646,-652.2509766
4128,,5287.9704646,-371.6142578
4132,,5287.9704646,-912.8193359
4136,,5287.9704646,-1691.0175781
4140,,5287.9704646,-1910.1333008
4144,,5287.9704646,-1229.7109375
4148,,5287.9704646,11.2937527
4152,,5287.9704646,1125.9482422
4156,,5287.9704646,1583.921875
4160,,5287.9704646,1255.1674805
4164,,5287.9704646,359.7612305
4168,,5287.9704646,-691.8432617
4172,,5287.9704646,-1491.119873
4176,,5287.9704646,-1781.4294434
4180,,5287.9704646,-1489.1552734
4184,,5287.9704646,-699.3728027
4188,,5287.9704646,341.0771484
4192,,5287.9704646,1317.0871582
4196,,5287.9704646,2060.081543
4200,,5287.9704646,2573.2456055
4204,,5287.9704646,2781.2775879
4208,,5287.9704646,2450.654541
4212,,5287.9704646,1478.0512695
4216,,5287.9704646,121.0310059
4220,,5287.9704646,-1084.0124512
4224,,5287.9704646,-1614.0588379
4228,,5287.9704646,-1320.3605957
4232,,5287.9704646,-588.2719727
4236,,5287.9704646,-45.4051056
4240,,5287.9704646,-38.0381165
4244,,5287.9704646,-392.2441406
4248,,5287.9704646,-666.3962402
4252,,5287.9704646,-612.7158203
4256,,5287.9704646,-359.8476563
4260,,5287.9704646,-163.8388519
4264,,5287.9704646,-77.6844635
4268,,5287.9704646,75.0947571
4272,,5287.9704646,429.9013672
4276,,5287.9704646,852.107666
4280,,5287.9704646,1027.4633789
4284,,5287.9704646,740.6989746
4288,,5287.9704646,12.1286926
4292,,5287.9704646,-932.6923828
4296,,5287.9704646,-1705.8867188
4300,,5287.9704646,-1877.9506836
4304,,5287.9704646,-1263.2995605
4308,,5287.9704646,-145.7512817
4312,,5287.9704646,835.7712402
4316,,5287.9704646,1098.0703125
4320,,5287.9704646,492.8039551
4324,,5287.9704646,-628.4987793
4328,,5287.9704646,-1659.5964355
4332,,5287.9704646,-2081.7502441
4336,,5287.9704646,-1698.0112305
4340,,5287.9704646,-690.2697754
4344,,5287.9704646,473.8195801
4348,,5287.9704646,1290.4406738
4352,,5287.9704646,1525.8481445
4356,,5287.9704646,1333.6604004
4360,,5287.9704646,1112.5285645
4364,,5287.9704646,1231.9282227
4368,,5287.9704646,1763.5551758
4372,,5287.9704646,2395.2700195
4376,,5287.9704646,2635.8137207
4380,,5287.9704646,2155.8762207
4384,,5287.9704646,1016.5524902
4388,,5287.9704646,-411.6047363
4392,,5287.9704646,-1748.3369141
4396,,5287.9704646,-2778.901123
4400,,5287.9704646,-3415.7756348
4404,,5287.9704646,-3598.6242676
4408,,5287.9704646,-3223.1687012
4412,,5287.9704646,-2205.3278809
4416,,5287.9704646,-629.7329102
4420,,5287.9704646,1222.2163086
4424,,5287.9704646,2941.6342773
4428,,5287.9704646,4107.8671875
4432,,5287.9704646,4426.5273438
4436,,5287.9704646,3734.4521484
4440,,5287.9704646,2000.3479004
4444,,5287.9704646,-451.7058105
4448,,5287.9704646,-2853.3789063
4452,,5287.9704646,-4288.3007813
4456,,5287.9704646,-4105.40625
4460,,5287.9704646,-2260.6530762
4464,,5287.9704646,520.3164063
4468,,5287.9704646,2975.854248
4472,,5287.9704646,3880.4326172
4476,,5287.9704646,2649.6999512
4480,,5287.9704646,-291.9321289
4484,,5287.9704646,-3670.1696777
4488,,5287.9704646,-6041.984375
4492,,5287.9704646,-6469.6132813
4496,,5287.9704646,-4819.1054688
4500,,5287.9704646,-1732.1477051
4504,,5287.9704646,1720.1467285
4508,,5287.9704646,4521.078125
4512,,5287.9704646,5998.3945313
4516,,5287.9704646,5931.921875
4520,,5287.9704646,4530.6445313
4524,,5287.9704646,2236.6560059
4528,,5287.9704646,-424.447998
4532,,5287.9704646,-2873.050293
4536,,5287.9704646,-4500.3085938
4540,,5287.9704646,-4770.4609375
4544,,5287.9704646,-3518.184082
4548,,5287.9704646,-1220.9885254
4552,,5287.9704646,1191.2172852
4556,,5287.9704646,2862.8515625
4560,,5287.9704646,3444.9296875
4564,,5287.9704646,3170.2817383
4568,,5287.9704646,2572.7001953
4572,,5287.9704646,2153.0522461
4576,,5287.9704646,2166.0803223
4580,,5287.9704646,2491.0405273
4584,,5287.9704646,2641.0068359
4588,,5287.9704646,1964.5993652
4592,,5287.9704646,83.9151459
4596,,5287.9704646,-2669.5153809
4600,,5287.9704646,-5280.7539063
4604,,5287.9704646,-6623.9101563
4608,,5287.9704646,-6179.0078125
4612,,5287.9704646,-4306.5664063
4616,,5287.9704646,-1912.7670898
4620,,5287.9704646,71.8844452
4624,,5287.9704646,1124.6123047
4628,,5287.9704646,1363.3725586
4632,,5287.9704646,1411.1447754
4636,,5287.9704646,1907.1938477
4640,,5287.9704646,2972.4245605
4644,,5287.9704646,4047.9604492
4648,,5287.9704646,4272.1835938
4652,,5287.9704646,3125.0053711
4656,,5287.9704646,894.7189941
4660,,5287.9704646,-1427.5351563
4664,,5287.9704646,-2774.1911621
4668,,5287.9704646,-2666.1713867
4672,,5287.9704646,-1504.0617676
4676,,5287.9704646,-295.0400391
4680,,5287.9704646,14.1224861
4684,,5287.9704646,-881.9248047
4688,,5287.9704646,-2527.4916992
4692,,5287.9704646,-4012.7429199
4696,,5287.9704646,-4418.8867188
4700,,5287.9704646,-3203.0075684
4704,,5287.9704646,-429.2746582
4708,,5287.9704646,3147.7966309
4712,,5287.9704646,6256.4257813
4716,,5287.9704646,7658.6015625
4720,,5287.9704646,6837.1210938
4724,,5287.9704646,4363.7890625
4728,,5287.9704646,1554.5839844
4732,,5287.9704646,-488.8395996
4736,,5287.9704646,-1635.3415527
4740,,5287.9704646,-2568.9624023
4744,,5287.9704646,-3854.2866211
4748,,5287.9704646,-5196.390625
4752,,5287.9704646,-5693.0976563
4756,,5287.9704646,-4706.4609375
4760,,5287.9704646,-2452.9072266
4764,,5287.9704646,152.9720306
4768,,5287.9704646,2054.4089355
4772,,5287.9704646,2507.7009277
4776,,5287.9704646,1422.0053711
4780,,5287.9704646,-445.7746582
4784,,5287.9704646,-1768.0524902
4788,,5287.9704646,-1497.0600586
4792,,5287.9704646,270.7763672
4796,,5287.9704646,2292.8632813
4800,,5287.9704646,3195.0771484
4804,,5287.9704646,2572.6052246
4808,,5287.9704646,1179.9135742
4812,,5287.9704646,165.6482544
4816,,5287.9704646,132.3759308
4820,,5287.9704646,802.564209
4824,,5287.9704646,1422.3996582
4828,,5287.9704646,1425.1013184
4832,,5287.9704646,795.4521484
4836,,5287.9704646,-36.864975
4840,,5287.9704646,-578.5341797
4844,,5287.9704646,-599.1369629
4848,,5287.9704646,-163.0919495
4852,,5287.9704646,533.7087402
4856,,5287.9704646,1266.1052246
4860,,5287.9704646,1756.0876465
4864,,5287.9704646,1667.7412109
4868,,5287.9704646,765.5654297
4872,,5287.9704646,-848.3686523
4876,,5287.9704646,-2657.9470215
4880,,5287.9704646,-3936.7573242
4884,,5287.9704646,-4155.3476563
4888,,5287.9704646,-3307.6948242
4892,,5287.9704646,-1872.8137207
4896,,5287.9704646,-459.3725586
4900,,5287.9704646,579.6228027
4904,,5287.9704646,1245.4519043
4908,,5287.9704646,1651.447998
4912,,5287.9704646,1741.1347656
4916,,5287.9704646,1302.2910156
4920,,5287.9704646,273.0856934
4924,,5287.9704646,-1032.2531738
4928,,5287.9704646,-2046.7792969
4932,,5287.9704646,-2330.1118164
4936,,5287.9704646,-1856.8381348
4940,,5287.9704646,-966.3823242
4944,,5287.9704646,-88.779129
4948,,5287.9704646,509.6477051
4952,,5287.9704646,818.765625
4956,,5287.9704646,1011.8276367
4960,,5287.9704646,1279.7250977
4964,,5287.9704646,1666.4821777
4968,,5287.9704646,2019.7370605
4972,,5287.9704646,2115.8242188
4976,,5287.9704646,1865.3703613
4980,,5287.9704646,1381.765625
4984,,5287.9704646,860.4223633
4988,,5287.9704646,433.3718262
4992,,5287.9704646,148.1204529
4996,,5287.9704646,49.0623779
5000,,5287.9704646,194.0715332
5004,,5287.9704646,543.7758789
5008,,5287.9704646,870.1279297
5012,,5287.9704646,832.1125488
5016,,5287.9704646,193.6936493
5020,,5287.9704646,-983.3840332
5024,,5287.9704646,-2329.9050293
5028,,5287.9704646,-3349.8598633
5032,,5287.9704646,-3633.3491211
5036,,5287.9704646,-2957.0039063
5040,,5287.9704646,-1262.6523438
5044,,5287.9704646,1423.2724609
5048,,5287.9704646,4927.7734375
5052,,5287.9704646,8628.9570313
5056,,5287.9704646,11191.4882813
5060,,5287.9704646,10772.5585938
5064,,5287.9704646,5971.125
5068,,5287.9704646,-2915.7307129
5072,,5287.9704646,-13323.6835938
5076,,5287.9704646,-21239.2265625
5080,,5287.9704646,-23153.28125
5084,,5287.9704646,-17983.9726563
5088,,5287.9704646,-7734.1679688
5092,,5287.9704646,3615.9970703
5096,,5287.9704646,12192.375
5100,,5287.9704646,15917.890625
5104,,5287.9704646,14966.8945313
5108,,5287.9704646,11030.0585938
5112,,5287.9704646,6164.1757813
5116,,5287.9704646,1939.6137695
5120,,5287.9704646,-860.229248
5124,,5287.9704646,-2227.3535156
5128,,5287.9704646,-2756.074707
5132,,5287.9704646,-3269.3193359
5136,,5287.9704646,-4338.6328125
5140,,5287.9704646,-5855.890625
5144,,5287.9704646,-6997.3632813
5148,,5287.9704646,-6719.9492188
5152,,5287.9704646,-4486.1054688
5156,,5287.9704646,-706.5871582
5160,,5287.9704646,3422.9206543
5164,,5287.9704646,6561.96875
5168,,5287.9704646,7914.7773438
5172,,5287.9704646,7526.6289063
5176,,5287.9704646,6054.7304688
5180,,5287.9704646,4254.0859375
5184,,5287.9704646,2565.0275879
5188,,5287.9704646,1050.1936035
5192,,5287.9704646,-367.9321289
5196,,5287.9704646,-1632.0458984
5200,,5287.9704646,-2531.8825684
5204,,5287.9704646,-2933.2321777
5208,,5287.9704646,-2959.3364258
5212,,5287.9704646,-2901.5930176
5216,,5287.9704646,-2910.6293945
5220,,5287.9704646,-2808.7993164
5224,,5287.9704646,-2257.3063965
5228,,5287.9704646,-1126.965332
5232,,5287.9704646,277.3415527
5236,,5287.9704646,1345.6376953
5240,,5287.9704646,1571.2414551
5244,,5287.9704646,935.7458496
5248,,5287.9704646,-69.4793701
5252,,5287.9704646,-814.4758301
5256,,5287.9704646,-963.848877
5260,,5287.9704646,-622.8691406
5264,,5287.9704646,-136.4328613
5268,,5287.9704646,229.7832794
5272,,5287.9704646,437.4841309
5276,,5287.9704646,568.7260742
5280,,5287.9704646,657.9460449
5284,,5287.9704646,673.1818848
5288,,5287.9704646,611.6281738
5292,,5287.9704646,544.1479492
5296,,5287.9704646,547.9111328
5300,,5287.9704646,579.592041
5304,,5287.9704646,431.592041
5308,,5287.9704646,-106.7671356
5312,,5287.9704646,-997.333252
5316,,5287.9704646,-1857.8041992
5320,,5287.9704646,-2147.4274902
5324,,5287.9704646,-1513.1835938
5328,,5287.9704646,-32.2305756
5332,,5287.9704646,1804.9155273
5336,,5287.9704646,3336.0461426
5340,,5287.9704646,4018.5273438
5344,,5287.9704646,3612.7148438
5348,,5287.9704646,2242.144043
5352,,5287.9704646,331.2883301
5356,,5287.9704646,-1556.4016113
5360,,5287.9704646,-2896.4462891
5364,,5287.9704646,-3331.6782227
5368,,5287.9704646,-2765.652832
5372,,5287.9704646,-1430.387207
5376,,5287.9704646,152.4272156
5380,,5287.9704646,1368.8203125
5384,,5287.9704646,1792.1640625
5388,,5287.9704646,1378.0490723
5392,,5287.9704646,433.0654297
5396,,5287.9704646,-608.8847656
5400,,5287.9704646,-1418.2478027
5404,,5287.9704646,-1872.0593262
5408,,5287.9704646,-2014.2233887
5412,,5287.9704646,-1945.0234375
5416,,5287.9704646,-1729.9445801
5420,,5287.9704646,-1377.9577637
5424,,5287.9704646,-890.215332
5428,,5287.9704646,-312.8791504
5432,,5287.9704646,273.4836426
5436,,5287.9704646,797.9736328
5440,,5287.9704646,1231.8474121
5444,,5287.9704646,1582.3544922
5448,,5287.9704646,1838.1081543
5452,,5287.9704646,1932.3881836
5456,,5287.9704646,1774.7922363
5460,,5287.9704646,1326.4458008
5464,,5287.9704646,670.1835938
5468,,5287.9704646,20.8599548
5472,,5287.9704646,-353.0864258
5476,,5287.9704646,-261.9772949
5480,,5287.9704646,287.9743652
5484,,5287.9704646,1053.6447754
5488,,5287.9704646,1632.9467773
5492,,5287.9704646,1644.7824707
5496,,5287.9704646,925.0556641
5500,,5287.9704646,-370.5227051
